{
	"credit": "Made with Blockbench",
	"texture_size": [32, 32],
	"textures": {
		"0": "create:block/pipes",
		"particle": "create:block/pipes"
	},
	"elements": [
		{
			"from": [2, 4, 4],
			"to": [4, 12, 12],
			"faces": {
				"north": {"uv": [0, 8, 4, 9], "rotation": 90, "texture": "#0"},
				"south": {"uv": [0, 9, 4, 10], "rotation": 90, "texture": "#0"},
				"up": {"uv": [4, 9, 0, 10], "rotation": 90, "texture": "#0"},
				"down": {"uv": [4, 8, 0, 9], "rotation": 270, "texture": "#0"}
			}
		}
	]
}