{
	"credit": "Made with Blockbench",
	"textures": {
		"1": "create:block/roller_metal",
		"particle": "create:block/roller_casing"
	},
	"elements": [
		{
			"name": "Axle left",
			"from": [-2, -8, -5],
			"to": [2, 0, 3],
			"rotation": {"angle": 45, "axis": "x", "origin": [4, -4, -1]},
			"faces": {
				"north": {"uv": [0, 4, 4, 6], "rotation": 90, "texture": "#1"},
				"east": {"uv": [0, 0, 4, 4], "rotation": 90, "texture": "#1"},
				"south": {"uv": [0, 6, 4, 8], "rotation": 90, "texture": "#1"},
				"west": {"uv": [0, 0, 4, 4], "texture": "#1"},
				"up": {"uv": [0, 4, 4, 6], "rotation": 90, "texture": "#1"},
				"down": {"uv": [4, 6, 0, 8], "rotation": 90, "texture": "#1"}
			}
		},
		{
			"name": "Axle right",
			"from": [14, -8, -5],
			"to": [18, 0, 3],
			"rotation": {"angle": 45, "axis": "x", "origin": [4, -4, -1]},
			"faces": {
				"north": {"uv": [0, 4, 4, 6], "rotation": 90, "texture": "#1"},
				"east": {"uv": [0, 0, 4, 4], "rotation": 90, "texture": "#1"},
				"south": {"uv": [0, 6, 4, 8], "rotation": 90, "texture": "#1"},
				"west": {"uv": [0, 0, 4, 4], "texture": "#1"},
				"up": {"uv": [0, 4, 4, 6], "rotation": 90, "texture": "#1"},
				"down": {"uv": [4, 6, 0, 8], "rotation": 90, "texture": "#1"}
			}
		},
		{
			"name": "Chute",
			"from": [1, -4, -8],
			"to": [15, 12, 6],
			"rotation": {"angle": 45, "axis": "x", "origin": [4, -4, -1]},
			"faces": {
				"north": {"uv": [0.5, 8, 7.5, 16], "texture": "#1"},
				"east": {"uv": [8.5, 8, 15.5, 16], "texture": "#1"},
				"south": {"uv": [0.5, 8, 7.5, 16], "texture": "#1"},
				"west": {"uv": [8.5, 8, 15.5, 16], "texture": "#1"},
				"down": {"uv": [8, 16, 8.5, 8], "texture": "#1"}
			}
		},
		{
			"name": "Chute top",
			"from": [1, 5, -14],
			"to": [15, 11, -8],
			"rotation": {"angle": 45, "axis": "x", "origin": [4, -4, -1]},
			"faces": {
				"north": {"uv": [9, 1, 16, 4], "texture": "#1"},
				"east": {"uv": [6, 1, 9, 4], "texture": "#1"},
				"west": {"uv": [9, 1, 6, 4], "texture": "#1"},
				"down": {"uv": [0.5, 13, 7.5, 10], "texture": "#1"}
			}
		},
		{
			"name": "Cage",
			"from": [1, -2, -14],
			"to": [15, 5, -8],
			"rotation": {"angle": 45, "axis": "x", "origin": [4, -4, -1]},
			"faces": {
				"north": {"uv": [9, 4, 16, 8], "texture": "#1"},
				"east": {"uv": [6, 4, 9, 8], "texture": "#1"},
				"west": {"uv": [9, 4, 6, 8], "texture": "#1"}
			}
		}
	]
}